{"cameraMode":{"drawMode":0,"name":"Shaded","section":"Shading Mode"},"sceneLighting":false,"audioPlay":false,"sceneViewState":{"m_AlwaysRefresh":false,"showFog":true,"showSkybox":false,"showFlares":true,"showImageEffects":true,"showParticleSystems":true,"showVisualEffectGraphs":true,"m_FxEnabled":true},"in2DMode":false,"pivot":{"x":0.007298172917217016,"y":-0.08243466168642044,"z":3.174142837524414},"rotation":{"x":0.14824441075325013,"y":0.014828993938863278,"z":-0.002223005285486579,"w":0.9888374209403992},"size":0.20397096872329713,"orthographic":false}